Category,Field Name,Description,NS Open POs,NS Receipts,NS Open POs Vantran,NS Receipts Vantran,Epicor Open POs,Epicor Receipts,Syteline Open POs,Syteline Receipts,Notes
Identifiers,source_system,Identifies which ERP system the data originated from,Hardcode 'NETSUITE',Hardcode 'NETSUITE',System,System,Hardcode 'EPICOR',Hardcode 'EPICOR',Hardcode 'SYTELINE',Hardcode 'SYTELINE',Required for union of data
Identifiers,transaction_type,Identifies whether record is open order or receipt,Hardcode 'OPEN_ORDER',Hardcode 'RECEIPT',Hardcode 'OPEN_ORDER',Hardcode 'RECEIPT',Hardcode 'OPEN_ORDER',Hardcode 'RECEIPT',Hardcode 'OPEN_ORDER',Hardcode 'RECEIPT',Required for combined table
Identifiers,po_number,Purchase order number,PO Number,Maximum of PO Number,Document Number,Created From,PO Number,PO Number Header,PO_Number,PO_Number,Primary PO identifier
Identifiers,po_line,Line number on the purchase order,PO Line,Maximum of PO Line ID,Line ID,NULL,PO Line,PO Line,PO_Line,NULL,
Identifiers,po_release_num,Release number within a PO line (Epicor only),NULL,NULL,NULL,NULL,Release Number,Release Line,NULL,NULL,NetSuite doesn't have release concept - default to 1 or NULL
Identifiers,receipt_number,Receipt/packing slip document number,NULL,Receipt Number,NULL,Document Number,NULL,Packing Slip,NULL,Document_Number,Only applicable to receipt transactions
Identifiers,receipt_line,Line number on the receipt document,NULL,Receipt Line ID,NULL,Line ID,NULL,Pack Line,NULL,Line_ID,Only applicable to receipt transactions
Organization,subsidiary_company,Company or subsidiary code,Maximum of Subsidiary,Maximum of Subsidiary,Subsidiary,Subsidiary,Company,Company,NULL,NULL,Top-level org identifier
Organization,department,Department or cost center,Maximum of Department,NULL,department,NULL,NULL,NULL,NULL,NULL,NetSuite Open POs only
Organization,location_warehouse,Warehouse or location for inventory,Maximum of Location,Maximum of Location,Location,Location,Warehouse ID,Warehouse ID,NULL,NULL,
Organization,plant_site,Manufacturing plant/site (Epicor only),NULL,NULL,NULL,NULL,NULL,Site,Site,Site,Epicor Receipts only
People,created_by,User who created the transaction,Maximum of Created By,Maximum of Created By,Created By,Created By,PurAgent Name,Receiving Person,NULL,NULL,Different concepts: buyer vs creator vs receiver
People,buyer_id,Buyer/purchasing agent ID,NULL,NULL,NULL,NULL,PurAgent Name,Buyer ID,NULL,NULL,Epicor Open POs + Receipts
Status,po_status,Status of the purchase order,Maximum of PO Status,Maximum of PO Status,Status,Status,Derive from Open flag,Release Status,Status,NULL,
Status,is_open_order,Flag indicating if PO header is open,Derive from PO Status,NULL,Derive from PO Status,NULL,Open,NULL,Derive from PO Status,NULL,Boolean
Status,is_open_release,Flag indicating if release is open (Epicor),NULL,NULL,NULL,NULL,NULL,Open Release,NULL,NULL,Epicor Receipts only
Status,is_confirmed,Vendor confirmation status,NULL,NULL,NULL,NULL,PO Confirmed Status,Confirmed,NULL,NULL,Epicor only
Status,bill_variance_status,Invoice variance status on receipt,NULL,Maximum of Bill Variance Status,NULL,Bill Variance Status,NULL,NULL,NULL,NULL,NetSuite Receipts only
Dates,order_date,Date the PO was created,Maximum of Date,Maximum of PO Date,Date,Date,Order Date,Order Date,Order_Date,NULL,
Dates,due_date,Due date for delivery,Maximum of Due Date,NULL,Due Date/Receive By,Due Date/Receive By,Due Date,Due Date,Due_Date,NULL,NS Receipts: populated by PO Line Dates join
Dates,promise_date,Vendor promised delivery date,Maximum of Expected Receipt Date,NULL,Expected Receipt Date,Promise Date,Promise Date,Promise Date,NULL,NULL,NS Open POs: current commitment date; NS Receipts: populated by PO Line Dates join then NS Open POs fallback
Dates,old_promise_date,Previous promise date before revision,Maximum of Promise Date,NULL,old_promise_date ,NULL,NULL,NULL,NULL,NULL,NS Open POs: prior commitment; NS Receipts: populated by PO Line Dates join
Dates,requested_date,Requested delivery date (custom),NULL,NULL,NULL,NULL,requested_c,requested_c,NULL,NULL,Epicor custom field
Dates,receipt_date,Date goods were received,NULL,Maximum of Receipt Date,NULL,Date,NULL,Receipt Date Line,NULL,Recv_Date,Only on receipt transactions
Dates,arrived_date,Date goods arrived (may differ from receipt),NULL,NULL,NULL,NULL,NULL,Arrived Date Line,NULL,NULL,Epicor Receipts only
Quantities,total_quantity,Total ordered quantity,Maximum of Total Quantity,NULL,Quantity,NULL,Release Qty on Release,NULL,Qty_Ordered,Qty_Received,Open POs only
Quantities,received_quantity,Quantity already received,Maximum of Quantity Fulfilled/Received,Maximum of Quantity,Quantity Fulfilled/Received,Quantity,Received Qty on Release,Our Quantity,Qty_Received,NULL,Context differs: cumulative on PO vs transactional on receipt
Quantities,open_quantity,Remaining quantity to receive,Maximum of Open Qty,NULL,open_quantity,NULL,Open Qty on Release,NULL,total - received,NULL,Open POs only - calculated field
Quantities,vendor_quantity,Quantity in vendor's UOM,NULL,NULL,NULL,NULL,NULL,Supplier Qty,NULL,NULL,Epicor Receipts only
Quantities,uninvoiced_qty_supplier,Received but not invoiced qty (supplier UOM),NULL,NULL,NULL,NULL,NULL,Supplier UnInvc Receipt Qty,NULL,NULL,Epicor Receipts only
Quantities,uninvoiced_qty_internal,Received but not invoiced qty (internal UOM),NULL,NULL,NULL,NULL,NULL,Our UnInvc Receipt Qty,NULL,NULL,Epicor Receipts only
Pricing,unit_cost,Cost per unit,Maximum of Item Rate,Maximum of Item Rate,Item Rate,Item Rate,Unit Price,Unit Price,Unit_Price,Unit_Price,
Pricing,extended_amount,Total line amount (qty x cost),Maximum of Total Quantity Amount,Maximum of Amount,Amount,Amount,Extended Cost of PO Line,Extended Trans Value,Extended_Cost,Extended_Recv_Cost,
Pricing,cost_per_code,"Cost basis (per each, per hundred, etc.)",NULL,NULL,NULL,NULL,NULL,Cost Per Code,NULL,NULL,Epicor Receipts only
Shipping,ship_to_name,Ship-to address name,NULL,NULL,NULL,NULL,Ship Name,NULL,NULL,NULL,Epicor Open POs only
Shipping,ship_to_zip,Ship-to postal/ZIP code,Maximum of Shipping Zip,NULL,NULL,NULL,Ship Zip,NULL,NULL,NULL,Open POs only
Shipping,ship_to_country,Ship-to country code,Maximum of Shipping Country Code,NULL,NULL,NULL,Ship Country,NULL,NULL,NULL,Open POs only
Shipping,ship_via_code,Shipping method/carrier code,NULL,NULL,NULL,NULL,Ship Via,Ship Via,NULL,NULL,Epicor only
Vendor,vendor_id,Internal vendor identifier,Maximum of Vendor Internal ID,Maximum of Vendor Internal ID,ID,ID,Vendor ID,Supplier Number,Vendor_ID,Vendor_ID,
Vendor,vendor_name,Vendor company name,Maximum of Vendor Name,Maximum of Vendor Name,Name,Name,Vendor Name,Supplier Name,Vendor_Name,Vendor_Name,
Vendor,vendor_zip,Vendor postal/ZIP code,Maximum of Vendor Zip Code,Maximum of Vendor Zip,NULL,NULL,Vendor Zip,Supplier Zip,NULL,NULL,
Vendor,purchase_point,Vendor purchase point/remit-to location,NULL,NULL,NULL,NULL,Purchase Point,Purchase Point,NULL,NULL,Epicor only
Terms,terms_code,Payment terms code,Maximum of Terms,Maximum of Terms,Terms,Terms,Terms ID,Terms ID,NULL,NULL,
Item,item_id,Internal item/part identifier,Maximum of Item Internal ID,Maximum of Item Internal ID,Item,Item,Part Number,Part Number,Part_Number,Part_Number,
Item,item_name_mpn,Item name or MPN,Maximum of Item MPN Name Custom,Maximum of Item MPN Name Custom,Item Name,Item Name,Part Number,Part Number,NULL,NULL,
Item,item_display_name,Item display/friendly name,Maximum of Item Display Name,Maximum of Item Display Name,NULL,Display Name,NULL,NULL,NULL,NULL,NetSuite only
Item,item_description,Item description,Maximum of Item Description,Maximum of Item Description,Description,Description,Part Description,Part Description,Description,Description,
Item,line_description,PO line description (may differ from item),NULL,NULL,NULL,NULL,Line Description,PO Line Description,NULL,NULL,Epicor only - line-level override
Item,vendor_part_num,Vendor's part number,NULL,NULL,NULL,NULL,NULL,Supplier Part Number,NULL,NULL,Epicor Receipts only
Item,item_gl_account,GL expense/COGS account for item,Maximum of Item GL Expense Account,Maximum of Item GL Expense Account,NULL,NULL,NULL,NULL,NULL,NULL,NetSuite only
Item,item_type,Item type code,Maximum of Item Type,Maximum of Type,NULL,NULL,Item Type,Item Type,NULL,NULL,Values may differ between systems
Item,product_line_class,Product line or item class,Maximum of Product Line,Maximum of Product Line,NULL,NULL,Class,Class,NULL,NULL,
UOM,uom_internal,Internal/inventory unit of measure,Maximum of Primary UOM,Maximum of Units,Units,Units,UOM,UoM,NULL,NULL,
UOM,uom_purchasing,Purchasing/supplier unit of measure,NULL,NULL,NULL,NULL,Supplier UOM,Supplier UoM,NULL,NULL,Epicor only - may differ from internal UOM
Job,job_number,Linked job/work order number,NULL,NULL,NULL,NULL,NULL,Job,NULL,NULL,Epicor Receipts only - for job-costed items
Memo,memo,Header or line memo/comments,Maximum of Memo,NULL,NULL,NULL,NULL,NULL,NULL,NULL,NetSuite Open POs only
