Company,Type,PO #,Line #,Supplier,Item ID,Item Name,Total Quantity,Due Date,Promise Date,Old Promise Date,Order Date,Analysis Date,Receipt Date,Amount,Avg Unit Cost,UOM,Received Quantity,Open Qty,PO Status,on_time_vs_due_flag,Total Weight (Lbs),item_category_l1,item_category_l2,item_category_l3,vendor_part_num,ship_to_name,days_early_late_vs_due,OTD % (Due Date),Avg Lead Time,Weighted Lead Time,Overdue Amount
PwrQ,Receipts,P-AE0000337,"",ABB,Third Party Services,Third Party Services,1,,2025-11-28 00:00:00,,,2026-03-31 00:00:00,2026-03-31 00:00:00,$5780,$5780,"",1,,Fully Billed,Late,,Professional Services,Engineering Services,Consulting,"","",120,,,,
PwrQ,Receipts,P-AE0000346,"",ABB,Third Party Services,Third Party Services,1,,2025-12-31 00:00:00,,,2026-05-30 00:00:00,2026-05-30 00:00:00,$5004,$5004,"",1,,Partially Received,Late,,Professional Services,Engineering Services,Consulting,"","",147,,,,
PwrQ,Receipts,P-AL0001812,"",ABB,ASL3848NCXAXB5RO,ABB: ASL 800A ML 84CKT 3PH CU DNST FT NO SF,1,,2025-07-16 00:00:00,,,2026-01-16 00:00:00,2026-01-16 00:00:00,$0,$0,"",1,,Pending Bill,Late,,Switchgear & Distribution,Low Voltage Switchgear,Panelboards,"","",181,,,,
PwrQ,Receipts,P-AL0001813,"",ABB,KXT5CUAL2X500K-3PC,ABB LUGS FOR XT5 KIT FCCUAL 2X2/0-500KCMIL XT5 3PCSUL/CSA,1,,2025-07-16 00:00:00,,,2026-01-16 00:00:00,2026-01-16 00:00:00,$0,$0,"",1,,Pending Bill,Late,,Electrical Components,Terminal & Wiring,Lugs,"","",181,,,,
PwrQ,Receipts,P-AL0001813,"",ABB,XT1HU3060A66000XXX,"ABB: XT1H 125 TMF 60-600 3P F F UL/CSA, PLUG IN KIT LOAD & LINE",1,,2025-07-16 00:00:00,,,2026-01-16 00:00:00,2026-01-16 00:00:00,$0,$0,"",1,,Pending Bill,Late,,Circuit Protection,Low Voltage Breakers,MCCB,"","",181,,,,
PwrQ,Receipts,P-AL0001813,"",ABB,XT5LQ340APFF000XXX,ABB: XT5L 400 E.TCH LSI 400 3P FF UL100% RATED 100KA @480VAC,1,,2025-07-16 00:00:00,,,2026-01-16 00:00:00,2026-01-16 00:00:00,$0,$0,"",1,,Pending Bill,Late,,Circuit Protection,Low Voltage Breakers,MCCB,"","",181,,,,
PwrQ,Receipts,P-AL0001813,"",ABB,XT7LQ312EQFF000XXX,ABB XT7L 1200 E.TCH LSIG 1200 3p UL100,2,,2025-07-16 00:00:00,,,2026-01-16 00:00:00,2026-01-16 00:00:00,$0,$0,"",2,,Pending Bill,Late,,Circuit Protection,Low Voltage Breakers,MCCB,"","",181,,,,
PwrQ,Receipts,P-AL0001813,"",ABB,Z4A25AJXX,"ABB: CRADLE FOR E4.2-A WT. MIXED AUX. CONTACTS; AUP 5 CONT 400V, AUP 5 SUPPL.CONT. 24VDC",2,,2025-07-16 00:00:00,,,2026-01-16 00:00:00,2026-01-16 00:00:00,$0,$0,"",2,,Pending Bill,Late,,Circuit Protection,Low Voltage Breakers,MCCB,"","",181,,,,
PwrQ,Receipts,P-AL0001813,"",ABB,Z4VFNKAK80LA000004XX,"ABB: SACE EMAX2 E4.2V-A 2000 UL DRAWOUT 3P WITH TERMINALS REAR HORIZONTAL AND SOLID-STATE RELEASE IN AC EKIP/HI-TOUCH-LSIG R 2000 FITTED WITH BELL ALARM CONTACT 250V, 7MM PADLOCK WT. PBC, SIGNALLING 2K-3 FOR RELT & 110-240VAC PS",2,,2025-07-16 00:00:00,,,2026-01-16 00:00:00,2026-01-16 00:00:00,$0,$0,"",2,,Pending Bill,Late,,Circuit Protection,Low Voltage Breakers,MCCB,"","",181,,,,
PwrQ,Receipts,P-AL0001813,"",ABB,Z6A60AJXX,"ABB: CRADLE FOR E6.2-A WT. MIXED AUX. CONTACTS; AUP 5 CONT 400V, AUP 5 SUPPL.CONT. 24VDC",1,,2025-07-16 00:00:00,,,2026-01-16 00:00:00,2026-01-16 00:00:00,$0,$0,"",1,,Pending Bill,Late,,Circuit Protection,Low Voltage Breakers,MCCB,"","",181,,,,
PwrQ,Receipts,P-AL0001813,"",ABB,Z6VLNTAK80LA000004XX,"ABB: SACE EMAX2 E6.2V-A 6000 UL DRAWOUT 3P WITH TERMINALS REAR HORIZONTAL AND SOLID-STATE RELEASE IN AC EKIP/HI-TOUCH-LSIG R 6000 FITTED WITH BELL ALARM CONTACT 250V, 7MM PADLOCK WT. PBC, SIGNALLING 2K-3 FOR RELT & 110-240VAC PS",1,,2025-07-16 00:00:00,,,2026-01-16 00:00:00,2026-01-16 00:00:00,$0,$0,"",1,,Pending Bill,Late,,Circuit Protection,Low Voltage Breakers,MCCB,"","",181,,,,
PwrQ,Receipts,P-AL0002004,"",ABB,TQLFP1,GE 1'' FILLER PLATE FOR THQB/TEY 1P (UFP4),2,,2025-08-15 00:00:00,,,2026-01-16 00:00:00,2026-01-16 00:00:00,$3,$2,"",2,,Fully Billed,Late,,Enclosures & Hardware,Doors & Covers,Cover Plates,"","",151,,,,
PwrQ,Receipts,P-AL0002769,"",ABB,AF76SU,ABB RLP FRONT 76.5 X 20 SURF U,2,,2025-10-24 00:00:00,,,2026-01-12 00:00:00,2026-01-12 00:00:00,$527,$264,"",2,,Fully Billed,Late,,Enclosures & Hardware,Doors & Covers,Cover Plates,"","",77,,,,
PwrQ,Receipts,P-AL0002769,"",ABB,AF82STU,ABB RLP FRONT 82.5 X 20 SURF TU,1,,2025-10-24 00:00:00,,,2026-01-16 00:00:00,2026-01-16 00:00:00,$1274,$1274,"",1,,Fully Billed,Late,,Enclosures & Hardware,Doors & Covers,Cover Plates,"","",81,,,,
PwrQ,Receipts,P-AL0002769,"",ABB,XT5SU340APFF000XXD,ABB XT5S 400 EKIP TOUCH LSI IN400 3P UL WITH PADLOCK,2,,2025-10-24 00:00:00,,,2026-01-10 00:00:00,2026-01-10 00:00:00,$1750,$875,"",2,,Fully Billed,Late,,Circuit Protection,Low Voltage Breakers,MCCB,"","",75,,,,
PwrQ,Receipts,P-AL0002814,"",ABB,OT30F3C,ABB: OT30F3C CHANGE-OVER SWITCH,1,,2025-10-28 00:00:00,,,2026-01-19 00:00:00,2026-01-19 00:00:00,$171,$171,"",1,,Fully Billed,Late,,Circuit Protection,Fuses & Disconnects,Non-Fusible Disconnect Switch,"","",80,,,,
PwrQ,Receipts,P-AL0002848,"",ABB,XT7HU380CPFF000XXX,ABB: XT7H 800 E.TCH LSI 800 3P UL 65KA @480VAC,1,,2025-12-30 00:00:00,,,2026-02-28 00:00:00,2026-02-28 00:00:00,$1845,$1845,"",1,,Fully Billed,Late,,Circuit Protection,Low Voltage Breakers,MCCB,"","",57,,,,
PwrQ,Receipts,P-AL0002852,"",ABB,PCSF00A0000B0CC024XX,"ABB DC SWITCH DISCONNECT 2000AF 4P WITH SHUNT TRIP, CLOSING & CHARGING COIL",1,,2025-12-05 00:00:00,,,2026-01-06 00:00:00,2026-01-06 00:00:00,$6590,$6590,"",1,,Fully Billed,Late,,Circuit Protection,Fuses & Disconnects,Non-Fusible Disconnect Switch,"","",29,,,,
PwrQ,Receipts,P-AL0002978,"",ABB,XT1HU3020ADD000XXX,ABB XT1H 125 TMF 20-500 3P F F UL/CSA WITH LINE AND LOAD SIDE LUGS,1,,2025-11-12 00:00:00,,,2026-03-10 00:00:00,2026-03-10 00:00:00,$128,$128,"",1,,Fully Billed,Late,,Circuit Protection,Low Voltage Breakers,MCCB,"","",115,,,,
PwrQ,Receipts,P-AL0002978,"",ABB,XT2HU31001FA000XXX,ABB XT2H 125 Ekip LSI In=100A 3p F F UL/CSA WT. LOAD SIDE LUGS,8,,2025-11-12 00:00:00,,,2026-01-23 00:00:00,2026-01-23 00:00:00,$3608,$451,"",8,,Fully Billed,Late,,Circuit Protection,Low Voltage Breakers,MCCB,"","",69,,,,
PwrQ,Receipts,P-AL0002978,"",ABB,XT4HU32251FL000XXX,ABB: XT4H 250 EKIPLSI IN=225A 3PFFUL/CSA WT. LOAD SIDE LUGS,3,,2025-11-12 00:00:00,,,2026-01-29 00:00:00,2026-01-29 00:00:00,$1782,$594,"",3,,Fully Billed,Late,,Circuit Protection,Low Voltage Breakers,MCCB,"","",75,,,,
PwrQ,Receipts,P-AL0003059,"",ABB,1SDA081455R1,ABB RACKING IN AND OUT LEVER E2.2 - E6.2,5,,2025-11-19 00:00:00,,,2026-02-12 00:00:00,2026-02-12 00:00:00,$568,$114,"",5,,Fully Billed,Late,,Circuit Protection,Breaker Accessories,Mounting Kits,"","",82,,,,
PwrQ,Receipts,P-AL0003059,"",ABB,1SDA081455R1,ABB RACKING IN AND OUT LEVER E2.2 - E6.2,5,,2025-11-19 00:00:00,,,2026-03-17 00:00:00,2026-03-17 00:00:00,$568,$114,"",5,,Fully Billed,Late,,Circuit Protection,Breaker Accessories,Mounting Kits,"","",115,,,,
PwrQ,Receipts,P-AL0003171,"",ABB,XT2HQ3100RFDB40XXX,ABB: XT2H 125 E.TCHM LSI 100 3P UL100 WITH MODUBUS RTU AND SHUNT TRIP,15,,2025-11-27 00:00:00,,,2026-04-20 00:00:00,2026-04-20 00:00:00,$15052,$1003,"",15,,Fully Billed,Late,,Circuit Protection,Low Voltage Breakers,MCCB,"","",141,,,,
PwrQ,Receipts,P-AL0003171,"",ABB,XT2HQ3100RFDB40XXX,ABB: XT2H 125 E.TCHM LSI 100 3P UL100 WITH MODUBUS RTU AND SHUNT TRIP,13,,2025-11-27 00:00:00,,,2026-05-21 00:00:00,2026-05-21 00:00:00,$13045,$1003,"",13,,Fully Billed,Late,,Circuit Protection,Low Voltage Breakers,MCCB,"","",172,,,,
PwrQ,Receipts,P-AL0003171,"",ABB,XT2HQ3100RFDB40XXX,ABB: XT2H 125 E.TCHM LSI 100 3P UL100 WITH MODUBUS RTU AND SHUNT TRIP,8,,2025-11-27 00:00:00,,,2026-07-17 00:00:00,2026-07-17 00:00:00,$8028,$1003,"",8,,Fully Billed,Late,,Circuit Protection,Low Voltage Breakers,MCCB,"","",229,,,,
PwrQ,Receipts,P-AL0003171,"",ABB,XT7HQ312ESFFY3GXXX,"XT7H 1200 E.TCHM LSIG 1200 3P UL100 WITH RELT, MODBUS RTU, SHUNT AND PADLOCK",1,,2025-11-27 00:00:00,,,2026-01-21 00:00:00,2026-01-21 00:00:00,$4088,$4088,"",1,,Fully Billed,Late,,Circuit Protection,Low Voltage Breakers,MCCB,"","",52,,,,
PwrQ,Receipts,P-AL0003313,"",ABB,XT7HQ380CPFX000XXD,ABB XT7H 800 E.TCH LSI 800 3P UL100,88,,2026-02-13 00:00:00,,,2026-02-20 00:00:00,2026-02-20 00:00:00,$183420,$2084,"",88,,Fully Billed,Late,,Circuit Protection,Low Voltage Breakers,MCCB,"","",4,,,,
PwrQ,Receipts,P-AL0003313,"",ABB,XT7HQ380CPFX000XXD,ABB XT7H 800 E.TCH LSI 800 3P UL100,18,,2026-02-13 00:00:00,,,2026-02-26 00:00:00,2026-02-26 00:00:00,$37518,$2084,"",18,,Fully Billed,Late,,Circuit Protection,Low Voltage Breakers,MCCB,"","",10,,,,
PwrQ,Receipts,P-AL0003313,"",ABB,XT7HQ380CPFX000XXD,ABB XT7H 800 E.TCH LSI 800 3P UL100,94,,2026-02-13 00:00:00,,,2026-02-27 00:00:00,2026-02-27 00:00:00,$195926,$2084,"",94,,Fully Billed,Late,,Circuit Protection,Low Voltage Breakers,MCCB,"","",11,,,,
PwrQ,Receipts,P-AL0003313,"",ABB,XT7HQ380CPFX000XXD,ABB XT7H 800 E.TCH LSI 800 3P UL100,38,,2026-02-13 00:00:00,,,2026-03-04 00:00:00,2026-03-04 00:00:00,$79204,$2084,"",38,,Fully Billed,Late,,Circuit Protection,Low Voltage Breakers,MCCB,"","",16,,,,
PwrQ,Receipts,P-AL0003313,"",ABB,XT7HQ380CPFX000XXD,ABB XT7H 800 E.TCH LSI 800 3P UL100,52,,2026-02-13 00:00:00,,,2026-03-11 00:00:00,2026-03-11 00:00:00,$108385,$2084,"",52,,Fully Billed,Late,,Circuit Protection,Low Voltage Breakers,MCCB,"","",23,,,,
PwrQ,Receipts,P-AL0003425,"",ABB,10095507G6,ABB/GE KL FIELD MOD,2,,2026-06-05 00:00:00,,,2026-06-24 00:00:00,2026-06-24 00:00:00,$1660,$830,"",2,,Fully Billed,Late,,Miscellaneous/Other,Uncategorized,Requires Manual Review,"","",16,,,,
PwrQ,Receipts,P-AL0003689,"",ABB,1SDA068189R1,ABB FIXED PART PLUG-IN FOR C.BREAKER TMAX THREE-POLE WITH REAR TERMINALS HORIZONAL/VERTICAL XT2,20,,2026-01-06 00:00:00,,,2026-01-27 00:00:00,2026-01-27 00:00:00,$1298,$65,"",20,,Pending Billing/Partially Received,Late,,Circuit Protection,Breaker Accessories,Mounting Kits,"","",18,,,,
PwrQ,Receipts,P-AL0003689,"",ABB,1SDA068189R1,ABB FIXED PART PLUG-IN FOR C.BREAKER TMAX THREE-POLE WITH REAR TERMINALS HORIZONAL/VERTICAL XT2,4,,2026-01-06 00:00:00,,,2026-03-23 00:00:00,2026-03-23 00:00:00,$260,$65,"",4,,Pending Billing/Partially Received,Late,,Circuit Protection,Breaker Accessories,Mounting Kits,"","",73,,,,
PwrQ,Receipts,P-AL0003689,"",ABB,1SDA068189R1,ABB FIXED PART PLUG-IN FOR C.BREAKER TMAX THREE-POLE WITH REAR TERMINALS HORIZONAL/VERTICAL XT2,50,,2026-01-06 00:00:00,,,2026-03-24 00:00:00,2026-03-24 00:00:00,$3244,$65,"",50,,Pending Billing/Partially Received,Late,,Circuit Protection,Breaker Accessories,Mounting Kits,"","",74,,,,
PwrQ,Receipts,P-AL0003689,"",ABB,1SDA068189R1,ABB FIXED PART PLUG-IN FOR C.BREAKER TMAX THREE-POLE WITH REAR TERMINALS HORIZONAL/VERTICAL XT2,141,,2026-01-06 00:00:00,,,2026-04-02 00:00:00,2026-04-02 00:00:00,$9148,$65,"",141,,Pending Billing/Partially Received,Late,,Circuit Protection,Breaker Accessories,Mounting Kits,"","",83,,,,
PwrQ,Receipts,P-AL0003689,"",ABB,1SDA104703R1,ABB FIXED PART WITHDRAWABLE FOR C.BREAKER XT7-XT7M THREE-POLE WITH REAR TERMINALS HORIZONTAL,1,,2026-01-06 00:00:00,,,2026-01-31 00:00:00,2026-01-31 00:00:00,$887,$887,"",1,,Pending Billing/Partially Received,Late,,Circuit Protection,Breaker Accessories,Mounting Kits,"","",22,,,,
PwrQ,Receipts,P-AL0003689,"",ABB,1SDA104703R1,ABB FIXED PART WITHDRAWABLE FOR C.BREAKER XT7-XT7M THREE-POLE WITH REAR TERMINALS HORIZONTAL,5,,2026-01-06 00:00:00,,,2026-05-29 00:00:00,2026-05-29 00:00:00,$4433,$887,"",5,,Pending Billing/Partially Received,Late,,Circuit Protection,Breaker Accessories,Mounting Kits,"","",140,,,,
PwrQ,Receipts,P-AL0003689,"",ABB,1SDA104705R1,ABB FIXED PART WITHDRAWABLE FOR C.BREAKER XT7-XT7M THREE-POLE WITH REAR TERMINALS HORIZONTAL,5,,2026-01-06 00:00:00,,,2026-01-30 00:00:00,2026-01-30 00:00:00,$5360,$1072,"",5,,Pending Billing/Partially Received,Late,,Circuit Protection,Breaker Accessories,Mounting Kits,"","",21,,,,
PwrQ,Receipts,P-AL0003689,"",ABB,XHQCEWDZZDBBA000D0,"ABB XT7M 800AF/800AT 3P 100% LSIG DRAWOUT ELECTRICALLY OPERATED CIRCUIT BREAKER 65KA/@480VAC WITH 120VAC MOTOR CHARGING, 24VDC CLOSING COIL, 24VDC SHUNT TRIP & AUX CONTACTS",2,,2026-01-06 00:00:00,,,2026-07-17 00:00:00,2026-07-17 00:00:00,$6107,$3053,"",2,,Pending Billing/Partially Received,Late,,Circuit Protection,Low Voltage Breakers,ACB,"","",189,,,,
PwrQ,Receipts,P-AL0003689,"",ABB,XHQDEWDZZDBBA000D0,"ABB XT7 800AF/800AT 4P 100% LSI DRAWOUT ELECTRICALLY OPERATED CIRCUIT BREAKER 65KA/@480VAC WITH 120VAC MOTOR CHARGING, 24VDC CLOSING COIL, 24VDC SHUNT TRIP & AUX CONTACTS",5,,2026-01-06 00:00:00,,,2026-06-25 00:00:00,2026-06-25 00:00:00,$19463,$3893,"",5,,Pending Billing/Partially Received,Late,,Circuit Protection,Low Voltage Breakers,MCCB,"","",167,,,,
PwrQ,Receipts,P-AL0003689,"",ABB,XT2HU3100P66000XXD,ABB XT2 125AF/100AT 3P 80% LSI CIRCUIT BREAKER 65KA/@480VAC WITH PLUG IN TYPE KIT BLUTOOTH DISABLE,179,,2026-01-06 00:00:00,,,2026-04-02 00:00:00,2026-04-02 00:00:00,$103922,$581,"",179,,Pending Billing/Partially Received,Late,,Circuit Protection,Breaker Accessories,Mounting Kits,"","",83,,,,
PwrQ,Receipts,P-AL0003710,"",ABB,PCSE00Z0000B00E004XX,ABB DC SWITCH DISCONNECT 1600AF 4P NEUTRAL LEFT WITH SHUNT TRIP 120VAC/DC,4,,2026-02-03 00:00:00,,,2026-04-03 00:00:00,2026-04-03 00:00:00,$0,$0,"",4,,Pending Bill,Late,,Circuit Protection,Fuses & Disconnects,Non-Fusible Disconnect Switch,"","",56,,,,
PwrQ,Receipts,P-AL0003710,"",ABB,PCSE00Z0000B00E004XX,ABB DC SWITCH DISCONNECT 1600AF 4P NEUTRAL LEFT WITH SHUNT TRIP 120VAC/DC,7,,2026-02-03 00:00:00,,,2026-04-13 00:00:00,2026-04-13 00:00:00,$27651,$3950,"",7,,Pending Bill,Late,,Circuit Protection,Fuses & Disconnects,Non-Fusible Disconnect Switch,"","",66,,,,
PwrQ,Receipts,P-AL0003711,"",ABB,XT5NQ340AFF8BAHXXX,"ABB: XT5 100% RATED UL E.DIP LSI 400A 3P 35KA 480VAC WITH AUX-C 1Q +1SY 250VAC/DC , SHUNT TRIP 24VDC",6,,2026-03-30 00:00:00,,,2026-04-06 00:00:00,2026-04-06 00:00:00,$5112,$852,"",6,,Fully Billed,Late,,Circuit Protection,Low Voltage Breakers,MCCB,"","",4,,,,
PwrQ,Receipts,P-AL0003711,"",ABB,XT5NQ340AFF8BAHXXX,"ABB: XT5 100% RATED UL E.DIP LSI 400A 3P 35KA 480VAC WITH AUX-C 1Q +1SY 250VAC/DC , SHUNT TRIP 24VDC",2,,2026-03-30 00:00:00,,,2026-05-29 00:00:00,2026-05-29 00:00:00,$1704,$852,"",2,,Fully Billed,Late,,Circuit Protection,Low Voltage Breakers,MCCB,"","",57,,,,
PwrQ,Receipts,P-AL0003711,"",ABB,XT7HQ380CFFFACGXXX,"ABB: XT7 100% RATED UL E.DIP LSI 800A 3P 65KA 480VAC WITH AUX-C 2Q 400VAC+2Q 24VDC, SHUNT TRIP",1,,2026-03-30 00:00:00,,,2026-04-07 00:00:00,2026-04-07 00:00:00,$1962,$1962,"",1,,Fully Billed,Late,,Circuit Protection,Low Voltage Breakers,MCCB,"","",5,,,,
PwrQ,Receipts,P-AL0003712,"",ABB,XT1HQ3030AAA000XXX,ABB 3PH 30A 600V 65KAIC AT 480VAC 100% RATED XT1 125A FRAME BOLT ON,1,,2026-02-04 00:00:00,,,2026-03-11 00:00:00,2026-03-11 00:00:00,$146,$146,"",1,,Fully Billed,Late,,Circuit Protection,Low Voltage Breakers,MCCB,"","",32,,,,
PwrQ,Receipts,P-AL0003712,"",ABB,ZEAPWRSD,ABB 24-48VDC EKIP POWER SUPPLY FOR USE WITH XT2-4-5-7-7M AND E1.2-E6.2 BREAKERS,2,,2026-02-04 00:00:00,,,2026-02-13 00:00:00,2026-02-13 00:00:00,$176,$88,"",2,,Fully Billed,Late,,Electrical Components,Power Supplies,DC Power Supplies,"","",6,,,,
PwrQ,Receipts,P-AL0003712,"",ABB,ZEAPWRSD,ABB 24-48VDC EKIP POWER SUPPLY FOR USE WITH XT2-4-5-7-7M AND E1.2-E6.2 BREAKERS,18,,2026-02-04 00:00:00,,,2026-02-16 00:00:00,2026-02-16 00:00:00,$1588,$88,"",18,,Fully Billed,Late,,Electrical Components,Power Supplies,DC Power Supplies,"","",9,,,,
PwrQ,Receipts,P-AL0003819,"",ABB,TEYH3050B,3P-50A-480VAC 35KAIC GE MCCB,1,,2026-01-16 00:00:00,,,2026-02-11 00:00:00,2026-02-11 00:00:00,$170,$170,"",1,,Fully Billed,Late,,Circuit Protection,Low Voltage Breakers,MCCB,"","",23,,,,
PwrQ,Receipts,P-AL0003819,"",ABB,TEYH3050B,3P-50A-480VAC 35KAIC GE MCCB,12,,2026-01-16 00:00:00,,,2026-02-18 00:00:00,2026-02-18 00:00:00,$2037,$170,"",12,,Fully Billed,Late,,Circuit Protection,Low Voltage Breakers,MCCB,"","",30,,,,
PwrQ,Receipts,P-AL0003842,"",ABB,XT7HQ312EQFF960XXD,"ABB 1200AF 1200AS MCCB 65kA  100% ETU LSIG HI TOUCH FIXED XT7HQ312EQFF960XXD ST120VAC, EKIP SUPPLY 120VAC, RELT",1,,2026-04-02 00:00:00,,,2026-04-07 00:00:00,2026-04-07 00:00:00,$3261,$3261,"",1,,Fully Billed,Late,,Circuit Protection,Low Voltage Breakers,MCCB,"","",2,,,,
PwrQ,Receipts,P-AL0003842,"",ABB,XT7HQ380CQFFD00XXD,"ABB 800AF 800AS MCCB 65kA 100% ETU LSIG HI TOUCH FIXED XT7HQ380CQFFD00XXD, ST120VAC",1,,2026-04-02 00:00:00,,,2026-04-06 00:00:00,2026-04-06 00:00:00,$2379,$2379,"",1,,Fully Billed,Late,,Circuit Protection,Low Voltage Breakers,MCCB,"","",1,,,,
PwrQ,Receipts,P-AL0003848,"",ABB,ASL3426NCXAXB5RO,ABB: ASL 600A ML 42CKT 3PH CU DNST FT NO SF,3,,2026-02-04 00:00:00,,,2026-02-12 00:00:00,2026-02-12 00:00:00,$4876,$1625,"",3,,Fully Billed,Late,,Switchgear & Distribution,Low Voltage Switchgear,Panelboards,"","",5,,,,
PwrQ,Receipts,P-AL0003848,"",ABB,ASL3426NCXAXB5RO,ABB: ASL 600A ML 42CKT 3PH CU DNST FT NO SF,1,,2026-02-04 00:00:00,,,2026-02-18 00:00:00,2026-02-18 00:00:00,$1625,$1625,"",1,,Fully Billed,Late,,Switchgear & Distribution,Low Voltage Switchgear,Panelboards,"","",11,,,,
PwrQ,Receipts,P-AL0004006,"",ABB,1SDA073739R1,ABB: CURRENT SENSOR CS N E4.2 4000A E6.2 50%,58,,2026-01-29 00:00:00,,,2026-02-26 00:00:00,2026-02-26 00:00:00,$25090,$433,"",58,,Partially Received,Late,,Electrical Components,Metering & Sensing,Power Meters,"","",25,,,,
PwrQ,Receipts,P-AL0004006,"",ABB,AF16-22-00-13,ABB CONTACTOR 4P 30AMP 100-250VAC/DC,5,,2026-01-29 00:00:00,,,2026-02-02 00:00:00,2026-02-02 00:00:00,$343,$69,"",5,,Partially Received,Late,,Electrical Components,Switching & Control,Relays,"","",1,,,,
PwrQ,Receipts,P-AL0004006,"",ABB,XT1HU3030AAA000XXX,ABB 3PH 30A 600V 65KAIC AT 480VAC XT1 125A FRAME BOLT ON,32,,2026-01-29 00:00:00,,,2026-02-27 00:00:00,2026-02-27 00:00:00,$4237,$132,"",32,,Partially Received,Late,,Circuit Protection,Low Voltage Breakers,MCCB,"","",26,,,,
PwrQ,Receipts,P-AL0004006,"",ABB,Z4A25AJXX,"ABB: CRADLE FOR E4.2-A WT. MIXED AUX. CONTACTS; AUP 5 CONT 400V, AUP 5 SUPPL.CONT. 24VDC",4,,2026-01-29 00:00:00,,,2026-04-07 00:00:00,2026-04-07 00:00:00,$3924,$981,"",4,,Partially Received,Late,,Circuit Protection,Breaker Accessories,Auxiliary Contacts,"","",65,,,,
PwrQ,Receipts,P-AL0004006,"",ABB,Z4A25AJXX,"ABB: CRADLE FOR E4.2-A WT. MIXED AUX. CONTACTS; AUP 5 CONT 400V, AUP 5 SUPPL.CONT. 24VDC",15,,2026-01-29 00:00:00,,,2026-04-22 00:00:00,2026-04-22 00:00:00,$14716,$981,"",15,,Partially Received,Late,,Circuit Protection,Breaker Accessories,Auxiliary Contacts,"","",80,,,,
PwrQ,Receipts,P-AL0004006,"",ABB,Z4A25AJXX,"ABB: CRADLE FOR E4.2-A WT. MIXED AUX. CONTACTS; AUP 5 CONT 400V, AUP 5 SUPPL.CONT. 24VDC",45,,2026-01-29 00:00:00,,,2026-04-30 00:00:00,2026-04-30 00:00:00,$44149,$981,"",45,,Partially Received,Late,,Circuit Protection,Breaker Accessories,Auxiliary Contacts,"","",88,,,,
PwrQ,Receipts,P-AL0004006,"",ABB,Z4SGNLAK50LAM00004XX,ABB 2500AF 2500AS ACB 65kA 100% ETU LSIG EKIP HI TOUCH MODO Z4SGNLAK50LAM00004XX 7MM PBC PADLOCK RELT 24-48VDC EKIP SUPPLY,4,,2026-01-29 00:00:00,,,2026-04-07 00:00:00,2026-04-07 00:00:00,$23859,$5965,"",4,,Partially Received,Late,,Circuit Protection,Low Voltage Breakers,ACB,"","",65,,,,
PwrQ,Receipts,P-AL0004006,"",ABB,Z4SGNLAK50LAM00004XX,ABB 2500AF 2500AS ACB 65kA 100% ETU LSIG EKIP HI TOUCH MODO Z4SGNLAK50LAM00004XX 7MM PBC PADLOCK RELT 24-48VDC EKIP SUPPLY,18,,2026-01-29 00:00:00,,,2026-04-21 00:00:00,2026-04-21 00:00:00,$107367,$5965,"",18,,Partially Received,Late,,Circuit Protection,Low Voltage Breakers,ACB,"","",79,,,,
PwrQ,Receipts,P-AL0004006,"",ABB,Z4SGNLAK50LAM00004XX,ABB 2500AF 2500AS ACB 65kA 100% ETU LSIG EKIP HI TOUCH MODO Z4SGNLAK50LAM00004XX 7MM PBC PADLOCK RELT 24-48VDC EKIP SUPPLY,11,,2026-01-29 00:00:00,,,2026-04-30 00:00:00,2026-04-30 00:00:00,$65613,$5965,"",11,,Partially Received,Late,,Circuit Protection,Low Voltage Breakers,ACB,"","",88,,,,
PwrQ,Receipts,P-AL0004006,"",ABB,Z4SGNLAK50LAM00004XX,ABB 2500AF 2500AS ACB 65kA 100% ETU LSIG EKIP HI TOUCH MODO Z4SGNLAK50LAM00004XX 7MM PBC PADLOCK RELT 24-48VDC EKIP SUPPLY,5,,2026-01-29 00:00:00,,,2026-05-05 00:00:00,2026-05-05 00:00:00,$29824,$5965,"",5,,Partially Received,Late,,Circuit Protection,Low Voltage Breakers,ACB,"","",93,,,,
PwrQ,Receipts,P-AL0004006,"",ABB,Z4SGNLAK50LAM00004XX,ABB 2500AF 2500AS ACB 65kA 100% ETU LSIG EKIP HI TOUCH MODO Z4SGNLAK50LAM00004XX 7MM PBC PADLOCK RELT 24-48VDC EKIP SUPPLY,2,,2026-01-29 00:00:00,,,2026-05-07 00:00:00,2026-05-07 00:00:00,$11930,$5965,"",2,,Partially Received,Late,,Circuit Protection,Low Voltage Breakers,ACB,"","",95,,,,
PwrQ,Receipts,P-AL0004006,"",ABB,Z4SGNLAK50LAM00004XX,ABB 2500AF 2500AS ACB 65kA 100% ETU LSIG EKIP HI TOUCH MODO Z4SGNLAK50LAM00004XX 7MM PBC PADLOCK RELT 24-48VDC EKIP SUPPLY,6,,2026-01-29 00:00:00,,,2026-06-17 00:00:00,2026-06-17 00:00:00,$35789,$5965,"",6,,Partially Received,Late,,Circuit Protection,Low Voltage Breakers,ACB,"","",136,,,,
PwrQ,Receipts,P-AL0004006,"",ABB,Z4SGNLAK50LAM00004XX,ABB 2500AF 2500AS ACB 65kA 100% ETU LSIG EKIP HI TOUCH MODO Z4SGNLAK50LAM00004XX 7MM PBC PADLOCK RELT 24-48VDC EKIP SUPPLY,5,,2026-01-29 00:00:00,,,2026-06-25 00:00:00,2026-06-25 00:00:00,$29824,$5965,"",5,,Partially Received,Late,,Circuit Protection,Low Voltage Breakers,ACB,"","",144,,,,
PwrQ,Receipts,P-AL0004006,"",ABB,Z4SGNLAK50LAM00004XX,ABB 2500AF 2500AS ACB 65kA 100% ETU LSIG EKIP HI TOUCH MODO Z4SGNLAK50LAM00004XX 7MM PBC PADLOCK RELT 24-48VDC EKIP SUPPLY,5,,2026-01-29 00:00:00,,,2026-06-30 00:00:00,2026-06-30 00:00:00,$29824,$5965,"",5,,Partially Received,Late,,Circuit Protection,Low Voltage Breakers,ACB,"","",149,,,,
PwrQ,Receipts,P-AL0004006,"",ABB,Z4SGNLAK50LAM00004XX,ABB 2500AF 2500AS ACB 65kA 100% ETU LSIG EKIP HI TOUCH MODO Z4SGNLAK50LAM00004XX 7MM PBC PADLOCK RELT 24-48VDC EKIP SUPPLY,5,,2026-01-29 00:00:00,,,2026-07-08 00:00:00,2026-07-08 00:00:00,$29824,$5965,"",5,,Partially Received,Late,,Circuit Protection,Low Voltage Breakers,ACB,"","",157,,,,
PwrQ,Receipts,P-AL0004081,"",ABB,50250_inventory rework costs,inventory rework costs,1,,2026-01-27 00:00:00,,,2026-02-09 00:00:00,2026-02-09 00:00:00,$3000,$3000,"",1,,Pending Bill,Late,,Professional Services,Field Services,Site Visits,"","",10,,,,
PwrQ,Receipts,P-AL0004093,"",ABB,XT7HQ380CPFX000XXD,ABB XT7H 800 E.TCH LSI 800 3P UL100,3,,2026-03-05 00:00:00,,,2026-05-08 00:00:00,2026-05-08 00:00:00,$6253,$2084,"",3,,Fully Billed,Late,,Circuit Protection,Low Voltage Breakers,MCCB,"","",61,,,,
PwrQ,Receipts,P-AL0004093,"",ABB,XT7HQ380CPFX000XXD,ABB XT7H 800 E.TCH LSI 800 3P UL100,14,,2026-03-05 00:00:00,,,2026-05-27 00:00:00,2026-05-27 00:00:00,$29180,$2084,"",14,,Fully Billed,Late,,Circuit Protection,Low Voltage Breakers,MCCB,"","",80,,,,
PwrQ,Receipts,P-AL0004093,"",ABB,XT7HQ380CPFX000XXD,ABB XT7H 800 E.TCH LSI 800 3P UL100,4,,2026-03-05 00:00:00,,,2026-05-29 00:00:00,2026-05-29 00:00:00,$8337,$2084,"",4,,Fully Billed,Late,,Circuit Protection,Low Voltage Breakers,MCCB,"","",82,,,,
PwrQ,Receipts,P-AL0004119,"",ABB,XT4HU32251FF000XXX,ABB 250AF 225AS MCCB 65kA  80% ETU LSI EKIP DIP GROUP  XT4HU32251FF000XXX,2,,2026-02-04 00:00:00,,,2026-02-20 00:00:00,2026-02-20 00:00:00,$1171,$586,"",2,,Fully Billed,Late,,Circuit Protection,Low Voltage Breakers,MCCB,"","",13,,,,
PwrQ,Receipts,P-AL0004119,"",ABB,XT5HU360BFFF000XXX,ABB: XT5H 600 EKIP DIP LSI IN600 3P FF UL/CSA,4,,2026-02-04 00:00:00,,,2026-03-13 00:00:00,2026-03-13 00:00:00,$5572,$1393,"",4,,Fully Billed,Late,,Circuit Protection,Low Voltage Breakers,MCCB,"","",34,,,,
PwrQ,Receipts,P-AL0004120,"",ABB,ASL3426NCXAXB5RO,ABB: ASL 600A ML 42CKT 3PH CU DNST FT NO SF,1,,2026-02-04 00:00:00,,,2026-02-26 00:00:00,2026-02-26 00:00:00,$1625,$1625,"",1,,Fully Billed,Late,,Switchgear & Distribution,Low Voltage Switchgear,Panelboards,"","",19,,,,
PwrQ,Receipts,P-AL0004120,"",ABB,ASL3426NCXAXB5RO,ABB: ASL 600A ML 42CKT 3PH CU DNST FT NO SF,16,,2026-02-04 00:00:00,,,2026-02-27 00:00:00,2026-02-27 00:00:00,$26005,$1625,"",16,,Fully Billed,Late,,Switchgear & Distribution,Low Voltage Switchgear,Panelboards,"","",20,,,,
PwrQ,Receipts,P-AL0004120,"",ABB,TEYH3030B,3PH 3P 480V 30A 35kA@480V MFR: GENERAL ELECTRIC,158,,2026-02-04 00:00:00,,,2026-03-17 00:00:00,2026-03-17 00:00:00,$26816,$170,"",158,,Fully Billed,Late,,Circuit Protection,Low Voltage Breakers,MCCB,"","",38,,,,
PwrQ,Receipts,P-AL0004120,"",ABB,TEYH3030B,3PH 3P 480V 30A 35kA@480V MFR: GENERAL ELECTRIC,1,,2026-02-04 00:00:00,,,2026-03-18 00:00:00,2026-03-18 00:00:00,$170,$170,"",1,,Fully Billed,Late,,Circuit Protection,Low Voltage Breakers,MCCB,"","",39,,,,
PwrQ,Receipts,P-AL0004120,"",ABB,TEYH3030B,3PH 3P 480V 30A 35kA@480V MFR: GENERAL ELECTRIC,43,,2026-02-04 00:00:00,,,2026-03-19 00:00:00,2026-03-19 00:00:00,$7298,$170,"",43,,Fully Billed,Late,,Circuit Protection,Low Voltage Breakers,MCCB,"","",40,,,,
PwrQ,Receipts,P-AL0004120,"",ABB,XT5NQ360BFNF0AHXXX,ABB 600AF 600AS MCCB 35kA  100% ETU LSI EKIP DIP GROUP  XT5NQ360BFNF0AHXXX AUX 1NO/1NC PADLOCK OPEN POS. & LINE SIDE LUGS,24,,2026-02-04 00:00:00,,,2026-06-01 00:00:00,2026-06-01 00:00:00,$25776,$1074,"",24,,Fully Billed,Late,,Circuit Protection,Low Voltage Breakers,MCCB,"","",114,,,,
PwrQ,Receipts,P-AL0004174,"",ABB,KXT5PLLOP,ABB: PLL XT5 PADLOCKS DEVICE OPEN,25,,2026-02-03 00:00:00,,,2026-02-07 00:00:00,2026-02-07 00:00:00,$377,$15,"",25,,Fully Billed,Late,,Enclosures & Hardware,Structural Components,Miscellaneous Hardware,"","",1,,,,
PwrQ,Receipts,P-AL0004174,"",ABB,KXTAAXCQSYFP,ABB: AUXILIARY CONTACTS FOR XT1-XT4 BREAKERS,25,,2026-02-03 00:00:00,,,2026-02-07 00:00:00,2026-02-07 00:00:00,$1718,$69,"",25,,Fully Billed,Late,,Circuit Protection,Breaker Accessories,Auxiliary Contacts,"","",1,,,,
PwrQ,Receipts,P-AL0004358,"",ABB,XT1HU3030AAA000XXX,ABB 3PH 30A 600V 65KAIC AT 480VAC XT1 125A FRAME BOLT ON,58,,2026-04-30 00:00:00,,,2026-05-05 00:00:00,2026-05-05 00:00:00,$8060,$139,"",58,,Fully Billed,Late,,Circuit Protection,Low Voltage Breakers,MCCB,"","",2,,,,
PwrQ,Receipts,P-AL0004358,"",ABB,XT1HU3030AAA000XXX,ABB 3PH 30A 600V 65KAIC AT 480VAC XT1 125A FRAME BOLT ON,29,,2026-04-30 00:00:00,,,2026-05-12 00:00:00,2026-05-12 00:00:00,$4030,$139,"",29,,Fully Billed,Late,,Circuit Protection,Low Voltage Breakers,MCCB,"","",9,,,,
PwrQ,Receipts,P-AL0004358,"",ABB,XT5SQ340AFFS0AHXXX,"ABB: XT5S 400 E.DIP LSI 400 3P UL100 RATED, WT AUX CONTACTS, PADLOCK AND LOAD SIDE LUGS",36,,2026-04-30 00:00:00,,,2026-05-05 00:00:00,2026-05-05 00:00:00,$37423,$1040,"",36,,Fully Billed,Late,,Circuit Protection,Low Voltage Breakers,MCCB,"","",2,,,,
PwrQ,Receipts,P-AL0004358,"",ABB,XT5SQ340AFFS0AHXXX,"ABB: XT5S 400 E.DIP LSI 400 3P UL100 RATED, WT AUX CONTACTS, PADLOCK AND LOAD SIDE LUGS",14,,2026-04-30 00:00:00,,,2026-05-06 00:00:00,2026-05-06 00:00:00,$14553,$1040,"",14,,Fully Billed,Late,,Circuit Protection,Low Voltage Breakers,MCCB,"","",3,,,,
PwrQ,Receipts,P-AL0004358,"",ABB,XT5SQ340AFFS0AHXXX,"ABB: XT5S 400 E.DIP LSI 400 3P UL100 RATED, WT AUX CONTACTS, PADLOCK AND LOAD SIDE LUGS",92,,2026-04-30 00:00:00,,,2026-05-07 00:00:00,2026-05-07 00:00:00,$95636,$1040,"",92,,Fully Billed,Late,,Circuit Protection,Low Voltage Breakers,MCCB,"","",4,,,,
PwrQ,Receipts,P-AL0004358,"",ABB,XT5SQ340AFFS0AHXXX,"ABB: XT5S 400 E.DIP LSI 400 3P UL100 RATED, WT AUX CONTACTS, PADLOCK AND LOAD SIDE LUGS",454,,2026-04-30 00:00:00,,,2026-05-08 00:00:00,2026-05-08 00:00:00,$471942,$1040,"",454,,Fully Billed,Late,,Circuit Protection,Low Voltage Breakers,MCCB,"","",5,,,,
PwrQ,Receipts,P-AL0004358,"",ABB,XT5SQ340AFFS0AHXXX,"ABB: XT5S 400 E.DIP LSI 400 3P UL100 RATED, WT AUX CONTACTS, PADLOCK AND LOAD SIDE LUGS",94,,2026-04-30 00:00:00,,,2026-05-11 00:00:00,2026-05-11 00:00:00,$97715,$1040,"",94,,Fully Billed,Late,,Circuit Protection,Low Voltage Breakers,MCCB,"","",8,,,,
PwrQ,Receipts,P-AL0004358,"",ABB,XT5SQ340AFFS0AHXXX,"ABB: XT5S 400 E.DIP LSI 400 3P UL100 RATED, WT AUX CONTACTS, PADLOCK AND LOAD SIDE LUGS",12,,2026-04-30 00:00:00,,,2026-05-26 00:00:00,2026-05-26 00:00:00,$12474,$1040,"",12,,Fully Billed,Late,,Circuit Protection,Low Voltage Breakers,MCCB,"","",23,,,,
PwrQ,Receipts,P-AL0004358,"",ABB,XT5SQ340AFFS0AHXXX,"ABB: XT5S 400 E.DIP LSI 400 3P UL100 RATED, WT AUX CONTACTS, PADLOCK AND LOAD SIDE LUGS",48,,2026-04-30 00:00:00,,,2026-05-28 00:00:00,2026-05-28 00:00:00,$49897,$1040,"",48,,Fully Billed,Late,,Circuit Protection,Low Voltage Breakers,MCCB,"","",25,,,,
PwrQ,Receipts,P-AL0004358,"",ABB,XT5SQ340AFFS0AHXXX,"ABB: XT5S 400 E.DIP LSI 400 3P UL100 RATED, WT AUX CONTACTS, PADLOCK AND LOAD SIDE LUGS",12,,2026-04-30 00:00:00,,,2026-05-29 00:00:00,2026-05-29 00:00:00,$12474,$1040,"",12,,Fully Billed,Late,,Circuit Protection,Low Voltage Breakers,MCCB,"","",26,,,,
PwrQ,Receipts,P-AL0004358,"",ABB,XT5SQ340AFFS0AHXXX,"ABB: XT5S 400 E.DIP LSI 400 3P UL100 RATED, WT AUX CONTACTS, PADLOCK AND LOAD SIDE LUGS",72,,2026-04-30 00:00:00,,,2026-06-03 00:00:00,2026-06-03 00:00:00,$74845,$1040,"",72,,Fully Billed,Late,,Circuit Protection,Low Voltage Breakers,MCCB,"","",31,,,,
PwrQ,Receipts,P-AL0004358,"",ABB,XT5SQ340AFFS0AHXXX,"ABB: XT5S 400 E.DIP LSI 400 3P UL100 RATED, WT AUX CONTACTS, PADLOCK AND LOAD SIDE LUGS",24,,2026-04-30 00:00:00,,,2026-06-08 00:00:00,2026-06-08 00:00:00,$24948,$1040,"",24,,Fully Billed,Late,,Circuit Protection,Low Voltage Breakers,MCCB,"","",36,,,,
PwrQ,Receipts,P-AL0004358,"",ABB,XT5SQ340AFFS0AHXXX,"ABB: XT5S 400 E.DIP LSI 400 3P UL100 RATED, WT AUX CONTACTS, PADLOCK AND LOAD SIDE LUGS",60,,2026-04-30 00:00:00,,,2026-06-09 00:00:00,2026-06-09 00:00:00,$62371,$1040,"",60,,Fully Billed,Late,,Circuit Protection,Low Voltage Breakers,MCCB,"","",37,,,,
PwrQ,Receipts,P-AL0004358,"",ABB,XT5SQ340AFFS0AHXXX,"ABB: XT5S 400 E.DIP LSI 400 3P UL100 RATED, WT AUX CONTACTS, PADLOCK AND LOAD SIDE LUGS",60,,2026-04-30 00:00:00,,,2026-06-10 00:00:00,2026-06-10 00:00:00,$62371,$1040,"",60,,Fully Billed,Late,,Circuit Protection,Low Voltage Breakers,MCCB,"","",38,,,,
PwrQ,Receipts,P-AL0004358,"",ABB,XT5SQ340AFFS0AHXXX,"ABB: XT5S 400 E.DIP LSI 400 3P UL100 RATED, WT AUX CONTACTS, PADLOCK AND LOAD SIDE LUGS",42,,2026-04-30 00:00:00,,,2026-06-12 00:00:00,2026-06-12 00:00:00,$43660,$1040,"",42,,Fully Billed,Late,,Circuit Protection,Low Voltage Breakers,MCCB,"","",40,,,,
PwrQ,Receipts,P-AL0004358,"",ABB,XT7HQ360CFFFACGXXX,"ABB: XT7H 800 E.DIP LSI 600 3P FF UL100, WT. SHUNT 24VDC, AUX CONTACTS AND PADLOCK ATTACHMENT",16,,2026-04-30 00:00:00,,,2026-05-05 00:00:00,2026-05-05 00:00:00,$32943,$2059,"",16,,Fully Billed,Late,,Circuit Protection,Low Voltage Breakers,MCCB,"","",2,,,,
PwrQ,Receipts,P-AL0004358,"",ABB,XT7HQ360CFFFACGXXX,"ABB: XT7H 800 E.DIP LSI 600 3P FF UL100, WT. SHUNT 24VDC, AUX CONTACTS AND PADLOCK ATTACHMENT",23,,2026-04-30 00:00:00,,,2026-05-12 00:00:00,2026-05-12 00:00:00,$47355,$2059,"",23,,Fully Billed,Late,,Circuit Protection,Low Voltage Breakers,MCCB,"","",9,,,,
PwrQ,Receipts,P-AL0004358,"",ABB,XT7HQ360CFFFACGXXX,"ABB: XT7H 800 E.DIP LSI 600 3P FF UL100, WT. SHUNT 24VDC, AUX CONTACTS AND PADLOCK ATTACHMENT",14,,2026-04-30 00:00:00,,,2026-05-19 00:00:00,2026-05-19 00:00:00,$28825,$2059,"",14,,Fully Billed,Late,,Circuit Protection,Low Voltage Breakers,MCCB,"","",16,,,,
PwrQ,Receipts,P-AL0004358,"",ABB,XT7HQ360CFFFACGXXX,"ABB: XT7H 800 E.DIP LSI 600 3P FF UL100, WT. SHUNT 24VDC, AUX CONTACTS AND PADLOCK ATTACHMENT",1,,2026-04-30 00:00:00,,,2026-05-20 00:00:00,2026-05-20 00:00:00,$2059,$2059,"",1,,Fully Billed,Late,,Circuit Protection,Low Voltage Breakers,MCCB,"","",17,,,,
PwrQ,Receipts,P-AL0004358,"",ABB,XT7HQ360CFFFACGXXX,"ABB: XT7H 800 E.DIP LSI 600 3P FF UL100, WT. SHUNT 24VDC, AUX CONTACTS AND PADLOCK ATTACHMENT",13,,2026-04-30 00:00:00,,,2026-05-28 00:00:00,2026-05-28 00:00:00,$26766,$2059,"",13,,Fully Billed,Late,,Circuit Protection,Low Voltage Breakers,MCCB,"","",25,,,,
PwrQ,Receipts,P-AL0004358,"",ABB,XT7HQ360CFFFACGXXX,"ABB: XT7H 800 E.DIP LSI 600 3P FF UL100, WT. SHUNT 24VDC, AUX CONTACTS AND PADLOCK ATTACHMENT",3,,2026-04-30 00:00:00,,,2026-06-03 00:00:00,2026-06-03 00:00:00,$6177,$2059,"",3,,Fully Billed,Late,,Circuit Protection,Low Voltage Breakers,MCCB,"","",31,,,,
PwrQ,Receipts,P-AL0004358,"",ABB,XT7HQ360CFFFACGXXX,"ABB: XT7H 800 E.DIP LSI 600 3P FF UL100, WT. SHUNT 24VDC, AUX CONTACTS AND PADLOCK ATTACHMENT",1,,2026-04-30 00:00:00,,,2026-06-12 00:00:00,2026-06-12 00:00:00,$2059,$2059,"",1,,Fully Billed,Late,,Circuit Protection,Low Voltage Breakers,MCCB,"","",40,,,,
PwrQ,Receipts,P-AL0004388,"",ABB,KXT7CUAL3X750KC-3,ABB: KIT FCCUAL3X750KCMIL XT7/M F 3PCS,14,,2026-02-23 00:00:00,,,2026-02-27 00:00:00,2026-02-27 00:00:00,$2633,$188,"",14,,Fully Billed,Late,,Circuit Protection,Breaker Accessories,Mounting Kits,"","",1,,,,
PwrQ,Receipts,P-AL0004388,"",ABB,KXT7CUAL3X750KC-3,ABB: KIT FCCUAL3X750KCMIL XT7/M F 3PCS,84,,2026-02-23 00:00:00,,,2026-03-04 00:00:00,2026-03-04 00:00:00,$15798,$188,"",84,,Fully Billed,Late,,Circuit Protection,Breaker Accessories,Mounting Kits,"","",6,,,,
PwrQ,Receipts,P-AL0004388,"",ABB,KXT7CUAL3X750KC-3,ABB: KIT FCCUAL3X750KCMIL XT7/M F 3PCS,2,,2026-02-23 00:00:00,,,2026-03-26 00:00:00,2026-03-26 00:00:00,$376,$188,"",2,,Fully Billed,Late,,Circuit Protection,Breaker Accessories,Mounting Kits,"","",28,,,,
PwrQ,Receipts,P-AL0004488,"",ABB,KXT4CUAL2-3PC,ABB: KIT FC CUAL 4-300 AWG XT4 3PCS UL/CSA,30,,2026-04-15 00:00:00,,,2026-04-27 00:00:00,2026-04-27 00:00:00,$267,$9,"",30,,Fully Billed,Late,,Circuit Protection,Breaker Accessories,Mounting Kits,"","",9,,,,
PwrQ,Receipts,P-AL0004701,"",ABB,XT1HU3060AFF000XXX,ABB: XT1H 125 TMF 60-600 3P F F UL/CSA,1,,2026-03-12 00:00:00,,,2026-05-01 00:00:00,2026-05-01 00:00:00,$122,$122,"",1,,Fully Billed,Late,,Circuit Protection,Low Voltage Breakers,MCCB,"","",47,,,,
PwrQ,Receipts,P-AL0004746,"",ABB,251006100217,"ABB: 125 AMPS, MLO, 3 PHASE 4 WIRE 208Y/120V, 50/60 HZ MINIMUM INTERRUPT RATING: 42KA FULLY RATED NEMA 1 ENCLOSURE 42CKT PANELBOARD INTERIOR AEF3421MBX AXL2B5 WT. BREAKERS (PNL-EL)",1,,2026-04-21 00:00:00,,,2026-05-27 00:00:00,2026-05-27 00:00:00,$1610,$1610,"",1,,Fully Billed,Late,,Switchgear & Distribution,Low Voltage Switchgear,Panelboards,"","",33,,,,
PwrQ,Receipts,P-AL0004746,"",ABB,251006101821,"ABB: 400 AMPS, MB, 3 PHASE 4 WIRE 208Y/120V, 50/60 HZ MINIMUM INTERRUPT RATING: 42KA FULLY RATED NEMA 1 ENCLOSURE 84CKT PANELBOARD INTERIOR AEF3844KBX AXL2B5 WT. BREAKERS (PNL-EB1)",1,,2026-04-21 00:00:00,,,2026-04-30 00:00:00,2026-04-30 00:00:00,$5632,$5632,"",1,,Fully Billed,Late,,Switchgear & Distribution,Low Voltage Switchgear,Panelboards,"","",6,,,,
PwrQ,Receipts,P-AL0004746,"",ABB,251006102338,"ABB: 225 AMPS, MB, 3 PHASE 4 WIRE 208Y/120V, 50/60 HZ MINIMUM INTERRUPT RATING: 10KA FULLY RATED NEMA 1 ENCLOSURE 84CKT PANELBOARD INTERIOR AQF3842JBX AXL2B5 WT. BREAKERS (PNL-E2)",1,,2026-04-21 00:00:00,,,2026-04-30 00:00:00,2026-04-30 00:00:00,$2373,$2373,"",1,,Fully Billed,Late,,Switchgear & Distribution,Low Voltage Switchgear,Panelboards,"","",6,,,,
PwrQ,Receipts,P-AL0004746,"",ABB,251006102803,"ABB: 225 AMPS, MB, 3 PHASE 4 WIRE 208Y/120V, 50/60 HZ MINIMUM INTERRUPT RATING: 10KA FULLY RATED NEMA 1 ENCLOSURE 84CKT PANELBOARD INTERIOR AQF3842JBX AXL2B5 WT. BREAKERS (PNL-E3)",1,,2026-04-21 00:00:00,,,2026-05-27 00:00:00,2026-05-27 00:00:00,$2339,$2339,"",1,,Fully Billed,Late,,Switchgear & Distribution,Low Voltage Switchgear,Panelboards,"","",33,,,,
PwrQ,Receipts,P-AL0004746,"",ABB,251006103215,"ABB: 125 AMPS, MLO, 3 PHASE 4 WIRE 208Y/120V, 50/60 HZ MINIMUM INTERRUPT RATING: 10KA FULLY RATED NEMA 1 ENCLOSURE 42CKT PANELBOARD INTERIOR AQF3421MBX AXL2B5 WT. BREAKERS (PNL-EPH)",1,,2026-04-21 00:00:00,,,2026-05-27 00:00:00,2026-05-27 00:00:00,$841,$841,"",1,,Fully Billed,Late,,Switchgear & Distribution,Low Voltage Switchgear,Panelboards,"","",33,,,,
PwrQ,Receipts,P-AL0004778,"",ABB,1SDA082135R1,ABB: EXT CS N ALL E4.2-E6.2 50%UL ONLY,50,,2026-03-12 00:00:00,,,2026-04-09 00:00:00,2026-04-09 00:00:00,$22712,$454,"",50,,Partially Received,Late,,Circuit Protection,Breaker Accessories,Auxiliary Contacts,"","",25,,,,
PwrQ,Receipts,P-AL0004778,"",ABB,AF16-22-00-13,ABB CONTACTOR 4P 30AMP 100-250VAC/DC,10,,2026-03-12 00:00:00,,,2026-03-17 00:00:00,2026-03-17 00:00:00,$707,$71,"",10,,Partially Received,Late,,Electrical Components,Switching & Control,Relays,"","",2,,,,
PwrQ,Receipts,P-AL0004778,"",ABB,Z4A25AJXX,"ABB: CRADLE FOR E4.2-A WT. MIXED AUX. CONTACTS; AUP 5 CONT 400V, AUP 5 SUPPL.CONT. 24VDC",14,,2026-03-12 00:00:00,,,2026-06-03 00:00:00,2026-06-03 00:00:00,$14429,$1031,"",14,,Partially Received,Late,,Circuit Protection,Breaker Accessories,Auxiliary Contacts,"","",80,,,,
PwrQ,Receipts,P-AL0004778,"",ABB,Z4A25AJXX,"ABB: CRADLE FOR E4.2-A WT. MIXED AUX. CONTACTS; AUP 5 CONT 400V, AUP 5 SUPPL.CONT. 24VDC",2,,2026-03-12 00:00:00,,,2026-06-08 00:00:00,2026-06-08 00:00:00,$2061,$1031,"",2,,Partially Received,Late,,Circuit Protection,Breaker Accessories,Auxiliary Contacts,"","",85,,,,
PwrQ,Receipts,P-AL0004778,"",ABB,Z4A25AJXX,"ABB: CRADLE FOR E4.2-A WT. MIXED AUX. CONTACTS; AUP 5 CONT 400V, AUP 5 SUPPL.CONT. 24VDC",16,,2026-03-12 00:00:00,,,2026-06-10 00:00:00,2026-06-10 00:00:00,$16490,$1031,"",16,,Partially Received,Late,,Circuit Protection,Breaker Accessories,Auxiliary Contacts,"","",87,,,,
PwrQ,Receipts,P-AL0004778,"",ABB,Z4SGNLAK50LAM00004XX,ABB 2500AF 2500AS ACB 65kA 100% ETU LSIG EKIP HI TOUCH MODO Z4SGNLAK50LAM00004XX 7MM PBC PADLOCK RELT 24-48VDC EKIP SUPPLY,11,,2026-03-12 00:00:00,,,2026-07-08 00:00:00,2026-07-08 00:00:00,$68890,$6263,"",11,,Partially Received,Late,,Circuit Protection,Low Voltage Breakers,ACB,"","",115,,,,
PwrQ,Receipts,P-AL0004778,"",ABB,Z4SGNLAK50LAM00004XX,ABB 2500AF 2500AS ACB 65kA 100% ETU LSIG EKIP HI TOUCH MODO Z4SGNLAK50LAM00004XX 7MM PBC PADLOCK RELT 24-48VDC EKIP SUPPLY,1,,2026-03-12 00:00:00,,,2026-07-13 00:00:00,2026-07-13 00:00:00,$6263,$6263,"",1,,Partially Received,Late,,Circuit Protection,Low Voltage Breakers,ACB,"","",120,,,,
PwrQ,Receipts,P-AL0004778,"",ABB,Z4SGNLAK50LAM00004XX,ABB 2500AF 2500AS ACB 65kA 100% ETU LSIG EKIP HI TOUCH MODO Z4SGNLAK50LAM00004XX 7MM PBC PADLOCK RELT 24-48VDC EKIP SUPPLY,2,,2026-03-12 00:00:00,,,2026-07-17 00:00:00,2026-07-17 00:00:00,$12525,$6263,"",2,,Partially Received,Late,,Circuit Protection,Low Voltage Breakers,ACB,"","",124,,,,
PwrQ,Receipts,P-AL0004778,"",ABB,ZEA2000RP,ABB : RATING PLUG 2000 E2.2..E6.2,93,,2026-03-12 00:00:00,,,2026-05-12 00:00:00,2026-05-12 00:00:00,$2468,$27,"",93,,Partially Received,Late,,Circuit Protection,Breaker Accessories,Rating Plugs,"","",58,,,,
PwrQ,Receipts,P-AL0004778,"",ABB,ZEA2000RP,ABB : RATING PLUG 2000 E2.2..E6.2,3,,2026-03-12 00:00:00,,,2026-05-30 00:00:00,2026-05-30 00:00:00,$80,$27,"",3,,Partially Received,Late,,Circuit Protection,Breaker Accessories,Rating Plugs,"","",76,,,,
PwrQ,Receipts,P-AL0004873,"",ABB,KXT5CUAL2X500K-3PC,ABB LUGS FOR XT5 KIT FCCUAL 2X2/0-500KCMIL XT5 3PCSUL/CSA,3,,2026-03-20 00:00:00,,,2026-03-24 00:00:00,2026-03-24 00:00:00,$152,$51,"",3,,Partially Received,Late,,Electrical Components,Terminal & Wiring,Lugs,"","",1,,,,
PwrQ,Receipts,P-AL0004873,"",ABB,XT1HU3090AFD00HXXX,ABB: XT1H 125 TMF 90-900 3P F F UL/CSA (1SDX256087R1),1,,2026-03-20 00:00:00,,,2026-06-23 00:00:00,2026-06-23 00:00:00,$172,$172,"",1,,Partially Received,Late,,Circuit Protection,Low Voltage Breakers,MCCB,"","",92,,,,
PwrQ,Receipts,P-AL0004873,"",ABB,XT4HQ3225QFF000XXX,XT4H 250 E.TCH LSIG 225 3P 65KAIC 100% RATED FF UL100 (1SDX103345R1),1,,2026-03-20 00:00:00,,,2026-07-13 00:00:00,2026-07-13 00:00:00,$925,$925,"",1,,Partially Received,Late,,Circuit Protection,Low Voltage Breakers,MCCB,"","",112,,,,
PwrQ,Receipts,P-AL0004873,"",ABB,XT5HQ360BGFF000XXX,ABB: XT5H 600 E.DIP LSIG 600A 3P 65KA 100% RATED UL,1,,2026-03-20 00:00:00,,,2026-05-18 00:00:00,2026-05-18 00:00:00,$1849,$1849,"",1,,Partially Received,Late,,Circuit Protection,Low Voltage Breakers,MCCB,"","",56,,,,
PwrQ,Receipts,P-AL0004873,"",ABB,XT7HQ380DUWFL0GXXX,ABB: XT7H 1000 E.HITCH LSIG 800 3p UL100 (1SDX317433R1),1,,2026-03-20 00:00:00,,,2026-06-29 00:00:00,2026-06-29 00:00:00,$4049,$4049,"",1,,Partially Received,Late,,Circuit Protection,Low Voltage Breakers,MCCB,"","",98,,,,
PwrQ,Receipts,P-AL0004873,"",ABB,XT7HQ380EGFF000XXX,XT7H 1200 E.DIP LSIG 800 3P 65KA 100% RATED FF UL100 (1SDX079012R1),1,,2026-03-20 00:00:00,,,2026-05-19 00:00:00,2026-05-19 00:00:00,$2818,$2818,"",1,,Partially Received,Late,,Circuit Protection,Low Voltage Breakers,MCCB,"","",57,,,,
PwrQ,Receipts,P-AL0004873,"",ABB,Z2A20AJXX,Cradle for ABB E2.2-A 2000A 3P DRAWOUT TYPE BREAKER,2,,2026-03-20 00:00:00,,,2026-04-07 00:00:00,2026-04-07 00:00:00,$1664,$832,"",2,,Partially Received,Late,,Circuit Protection,Breaker Accessories,Mounting Kits,"","",15,,,,
PwrQ,Receipts,P-AL0004873,"",ABB,Z2SENHAK53LAM00004XA,"ABB: SACE EMAX2 E2.2S-A 1600 UL DRAWOUT MANUALLY OPE. 3P WITH TERMINALS REAR VERTICAL AND SOLID-STATE RELEASE IN AC EKIP/HI-TOUCH-LSIG R 1200 FITTED WITH: 4 AUXILIARY CONTACT AND 250V BELL ALRAM CONTACT, WITH ZEB2K3 PBC 7MM PL, MODBUS TCP C OMMS.",1,,2026-03-20 00:00:00,,,2026-07-13 00:00:00,2026-07-13 00:00:00,$5011,$5011,"",1,,Partially Received,Late,,Circuit Protection,Low Voltage Breakers,ACB,"","",112,,,,
PwrQ,Receipts,P-AL0004873,"",ABB,Z2SENHAK53LAM00007XA,ABB: E2.2S-A 1600 EKIP HI-TOUCH LSIG 3P WMP (1SDX317333R1),1,,2026-03-20 00:00:00,,,2026-07-08 00:00:00,2026-07-08 00:00:00,$5011,$5011,"",1,,Partially Received,Late,,Circuit Protection,Low Voltage Breakers,ACB,"","",107,,,,
PwrQ,Receipts,P-AL0005074,"",ABB,KXT5CUAL1X750KC-3,ABB: KIT FCCUAL 350-750KCMIL XT5 3PCSUL/CSA,37,,2026-04-09 00:00:00,,,2026-04-23 00:00:00,2026-04-23 00:00:00,$3010,$81,"",37,,Fully Billed,Late,,Electrical Components,Terminal & Wiring,Lugs,"","",11,,,,
PwrQ,Receipts,P-AL0005074,"",ABB,KXT5CUAL1X750KC-3,ABB: KIT FCCUAL 350-750KCMIL XT5 3PCSUL/CSA,81,,2026-04-09 00:00:00,,,2026-04-28 00:00:00,2026-04-28 00:00:00,$6589,$81,"",81,,Fully Billed,Late,,Electrical Components,Terminal & Wiring,Lugs,"","",16,,,,
PwrQ,Receipts,P-AL0005074,"",ABB,KXT5CUAL1X750KC-3,ABB: KIT FCCUAL 350-750KCMIL XT5 3PCSUL/CSA,2,,2026-04-09 00:00:00,,,2026-05-04 00:00:00,2026-05-04 00:00:00,$163,$81,"",2,,Fully Billed,Late,,Electrical Components,Terminal & Wiring,Lugs,"","",22,,,,
PwrQ,Receipts,P-AL0005074,"",ABB,KXT5CUAL2X500K-3PC,ABB LUGS FOR XT5 KIT FCCUAL 2X2/0-500KCMIL XT5 3PCSUL/CSA,172,,2026-04-09 00:00:00,,,2026-04-17 00:00:00,2026-04-17 00:00:00,$8688,$51,"",172,,Fully Billed,Late,,Electrical Components,Terminal & Wiring,Lugs,"","",5,,,,
PwrQ,Receipts,P-AL0005074,"",ABB,KXT5CUAL2X500K-3PC,ABB LUGS FOR XT5 KIT FCCUAL 2X2/0-500KCMIL XT5 3PCSUL/CSA,28,,2026-04-09 00:00:00,,,2026-04-23 00:00:00,2026-04-23 00:00:00,$1414,$51,"",28,,Fully Billed,Late,,Electrical Components,Terminal & Wiring,Lugs,"","",11,,,,
PwrQ,Receipts,P-AL0005074,"",ABB,XT5SQ340AFFF000XXX,ABB: XT5S 400 E.DIP LSI 400 3P UL100 RATED,192,,2026-04-09 00:00:00,,,2026-05-27 00:00:00,2026-05-27 00:00:00,$163576,$852,"",192,,Fully Billed,Late,,Circuit Protection,Low Voltage Breakers,MCCB,"","",45,,,,
PwrQ,Receipts,P-AL0005075,"",ABB,1SDA066652R1,ABB PLATE FOR DIN 50022 PROFILE MOUNTING THREE-POLE XT1,1,,2026-04-03 00:00:00,,,2026-04-07 00:00:00,2026-04-07 00:00:00,$6,$6,"",1,,Fully Billed,Late,,Circuit Protection,Low Voltage Breakers,MCCB,"","",1,,,,
PwrQ,Receipts,P-AL0005075,"",ABB,1SDA066849R1,FRONT TERMINALS 3pcs XT1,22,,2026-04-03 00:00:00,,,2026-04-07 00:00:00,2026-04-07 00:00:00,$118,$5,"",22,,Fully Billed,Late,,Circuit Protection,Breaker Accessories,Mounting Kits,"","",1,,,,
PwrQ,Receipts,P-AL0005267,"",ABB,1SDA073877R1,ABB: PHASE BARRIER PB SEP. H=100mm 4pz E1.2-XT7-XT7M F 3P,3,,2026-05-08 00:00:00,,,2026-06-03 00:00:00,2026-06-03 00:00:00,$51,$17,"",3,,Fully Billed,Late,,Circuit Protection,Breaker Accessories,Mounting Kits,"","",23,,,,
PwrQ,Receipts,P-AL0005267,"",ABB,1SDA073877R1,ABB: PHASE BARRIER PB SEP. H=100mm 4pz E1.2-XT7-XT7M F 3P,144,,2026-05-08 00:00:00,,,2026-06-10 00:00:00,2026-06-10 00:00:00,$2457,$17,"",144,,Fully Billed,Late,,Circuit Protection,Breaker Accessories,Mounting Kits,"","",30,,,,
PwrQ,Receipts,P-AL0005447,"",ABB,AF16-22-00-13,ABB CONTACTOR 4P 30AMP 100-250VAC/DC,3,,2026-05-05 00:00:00,,,2026-05-18 00:00:00,2026-05-18 00:00:00,$227,$76,"",3,,Fully Billed,Late,,Electrical Components,Switching & Control,Relays,"","",10,,,,
PwrQ,Receipts,P-AL0005471,"",ABB,ASL3426NCXAXB5RO,ABB: ASL 600A ML 42CKT 3PH CU DNST FT NO SF,2,,2026-05-12 00:00:00,,,2026-05-18 00:00:00,2026-05-18 00:00:00,$3618,$1809,"",2,,Fully Billed,Late,,Switchgear & Distribution,Low Voltage Switchgear,Panelboards,"","",3,,,,
PwrQ,Receipts,P-AL0005543,"",ABB,1SDA073877R1,ABB: PHASE BARRIER PB SEP. H=100mm 4pz E1.2-XT7-XT7M F 3P,6,,2026-05-18 00:00:00,,,2026-06-12 00:00:00,2026-06-12 00:00:00,$102,$17,"",6,,Fully Billed,Late,,Circuit Protection,Breaker Accessories,Mounting Kits,"","",22,,,,
PwrQ,Receipts,P-AL0005543,"",ABB,KXT5CUAL1X750KC-3,ABB: KIT FCCUAL 350-750KCMIL XT5 3PCSUL/CSA,1,,2026-05-18 00:00:00,,,2026-06-30 00:00:00,2026-06-30 00:00:00,$89,$89,"",1,,Fully Billed,Late,,Electrical Components,Terminal & Wiring,Lugs,"","",40,,,,
PwrQ,Receipts,P-AL0005543,"",ABB,KXT5FLALGFP,ABB FLANGE FOR XT5 MOE/MOE-E/FLD/ RHD,2,,2026-05-18 00:00:00,,,2026-06-08 00:00:00,2026-06-08 00:00:00,$13,$7,"",2,,Fully Billed,Late,,Enclosures & Hardware,Doors & Covers,Cover Plates,"","",18,,,,
PwrQ,Receipts,P-AL0005578,"",ABB,XT1HU3030AAA000XXX,ABB 3PH 30A 600V 65KAIC AT 480VAC XT1 125A FRAME BOLT ON,19,,2026-06-12 00:00:00,,,2026-07-06 00:00:00,2026-07-06 00:00:00,$2878,$151,"",19,,Partially Received,Late,,Circuit Protection,Low Voltage Breakers,MCCB,"","",21,,,,
PwrQ,Receipts,P-AL0005578,"",ABB,XT1HU3030AAA000XXX,ABB 3PH 30A 600V 65KAIC AT 480VAC XT1 125A FRAME BOLT ON,29,,2026-06-12 00:00:00,,,2026-07-07 00:00:00,2026-07-07 00:00:00,$4392,$151,"",29,,Partially Received,Late,,Circuit Protection,Low Voltage Breakers,MCCB,"","",22,,,,
PwrQ,Receipts,P-AL0005679,"",ABB,XT1HU3030AAA000XXX,ABB 3PH 30A 600V 65KAIC AT 480VAC XT1 125A FRAME BOLT ON,13,,2026-07-02 00:00:00,,,2026-07-07 00:00:00,2026-07-07 00:00:00,$1969,$151,"",13,,Fully Billed,Late,,Circuit Protection,Low Voltage Breakers,MCCB,"","",2,,,,
PwrQ,Receipts,P-AL0005793,"",ABB,ZEA2000RP,ABB : RATING PLUG 2000 E2.2..E6.2,3,,2026-06-17 00:00:00,,,2026-06-30 00:00:00,2026-06-30 00:00:00,$87,$29,"",3,,Partially Received,Late,,Circuit Protection,Breaker Accessories,Rating Plugs,"","",10,,,,
PwrQ,Receipts,P-AL0005881,"",ABB,1SDA068646R1,ABB FLANGE FOR THE COMPARTMENT DOOR ON C.BREAKER FIXED-PLUG-IN 3p XT4,2,,2026-06-18 00:00:00,,,2026-07-06 00:00:00,2026-07-06 00:00:00,$10,$5,"",2,,Partially Received,Late,,Enclosures & Hardware,Doors & Covers,Enclosure Doors,"","",15,,,,
PwrQ,Receipts,P-AL0005881,"",ABB,1SDA075913R1,ABB PHASE BARRIER / KIT PARTITIONS DIV. PHASE LOW FOR THREE-POLE H=25 MM 4pcs XT1-XT3 UL/CSA,4,,2026-06-18 00:00:00,,,2026-06-30 00:00:00,2026-06-30 00:00:00,$24,$6,"",4,,Partially Received,Late,,Circuit Protection,Breaker Accessories,Mounting Kits,"","",9,,,,
PwrQ,Receipts,P-AL0005881,"",ABB,1SDA105142R1,ABB FLANGE x THE COMPARTM.DOOR XT6 F,12,,2026-06-18 00:00:00,,,2026-07-15 00:00:00,2026-07-15 00:00:00,$534,$45,"",12,,Partially Received,Late,,Enclosures & Hardware,Doors & Covers,Enclosure Doors,"","",24,,,,
PwrQ,Receipts,P-AL0005881,"",ABB,1SDA107807R1,ABB KIT PARTITIONS DIV. PHASE LOW FOR THREE-POLE H=100 MM 4pcs XT6 UL,2,,2026-06-18 00:00:00,,,2026-07-06 00:00:00,2026-07-06 00:00:00,$13,$6,"",2,,Partially Received,Late,,Circuit Protection,Breaker Accessories,Mounting Kits,"","",15,,,,
PwrQ,Receipts,P-AL0005881,"",ABB,1SDA107807R1,ABB KIT PARTITIONS DIV. PHASE LOW FOR THREE-POLE H=100 MM 4pcs XT6 UL,10,,2026-06-18 00:00:00,,,2026-07-14 00:00:00,2026-07-14 00:00:00,$64,$6,"",10,,Partially Received,Late,,Circuit Protection,Breaker Accessories,Mounting Kits,"","",23,,,,
PwrQ,Receipts,P-AL0005881,"",ABB,XT1SU3030ADD000XXX,ABB 3PH 30A 600V 35KAIC AT 480VAC XT1 125AF LUGS BOTH ENDS #10-2/0AWG,4,,2026-06-18 00:00:00,,,2026-07-13 00:00:00,2026-07-13 00:00:00,$464,$116,"",4,,Partially Received,Late,,Circuit Protection,Low Voltage Breakers,MCCB,"","",22,,,,
